location_id,category,total_visits,unique_visitors,avg_visits_per_user,peak_hour
42911d00f964a520f5231fe3,Train Station,1147,265,4.3283018867924525,13
42829c80f964a5206a221fe3,Train Station,874,200,4.37,22
43a52546f964a520532c1fe3,Airport,687,274,2.5072992700729926,15
4840fe6bf964a52030501fe3,Bus Station,562,134,4.1940298507462686,12
4ace6c89f964a52078d020e3,Airport,561,250,2.244,10
4a737bf8f964a52091dc1fe3,Train Station,486,48,10.125,12
49b7ed6df964a52030531fe3,Plaza,472,168,2.8095238095238093,17
40b68100f964a5207d001fe3,Park,442,94,4.702127659574468,11
4a4821f5f964a52095aa1fe3,Road,407,86,4.732558139534884,12
4a513b17f964a520d2b01fe3,Train Station,371,54,6.87037037037037,12
